cik,company,form,filing_date,document,accession_number,accession_nodash,filing_url
0000320193,Apple Inc.,8-K,2026-02-24,ef20060722_8k.htm,0001140361-26-006577,000114036126006577,https://www.sec.gov/Archives/edgar/data/320193/000114036126006577/ef20060722_8k.htm
0000320193,Apple Inc.,10-Q,2026-01-30,aapl-20251227.htm,0000320193-26-000006,000032019326000006,https://www.sec.gov/Archives/edgar/data/320193/000032019326000006/aapl-20251227.htm
0000320193,Apple Inc.,8-K,2026-01-29,aapl-20260129.htm,0000320193-26-000005,000032019326000005,https://www.sec.gov/Archives/edgar/data/320193/000032019326000005/aapl-20260129.htm
0000320193,Apple Inc.,DEFA14A,2026-01-08,aapl014016-defa14a.htm,0001308179-26-000009,000130817926000009,https://www.sec.gov/Archives/edgar/data/320193/000130817926000009/aapl014016-defa14a.htm
0000320193,Apple Inc.,DEF 14A,2026-01-08,aapl014016-def14a.htm,0001308179-26-000008,000130817926000008,https://www.sec.gov/Archives/edgar/data/320193/000130817926000008/aapl014016-def14a.htm
0000320193,Apple Inc.,8-K,2026-01-02,ef20060722_8k.htm,0001140361-26-000199,000114036126000199,https://www.sec.gov/Archives/edgar/data/320193/000114036126000199/ef20060722_8k.htm
0000320193,Apple Inc.,8-K,2025-12-05,ef20060722_8k.htm,0001140361-25-044561,000114036125044561,https://www.sec.gov/Archives/edgar/data/320193/000114036125044561/ef20060722_8k.htm
0000320193,Apple Inc.,10-K,2025-10-31,aapl-20250927.htm,0000320193-25-000079,000032019325000079,https://www.sec.gov/Archives/edgar/data/320193/000032019325000079/aapl-20250927.htm
0000320193,Apple Inc.,8-K,2025-10-30,aapl-20251030.htm,0000320193-25-000077,000032019325000077,https://www.sec.gov/Archives/edgar/data/320193/000032019325000077/aapl-20251030.htm
0000320193,Apple Inc.,10-Q,2025-08-01,aapl-20250628.htm,0000320193-25-000073,000032019325000073,https://www.sec.gov/Archives/edgar/data/320193/000032019325000073/aapl-20250628.htm
0000320193,Apple Inc.,8-K,2025-07-31,aapl-20250731.htm,0000320193-25-000071,000032019325000071,https://www.sec.gov/Archives/edgar/data/320193/000032019325000071/aapl-20250731.htm
0000320193,Apple Inc.,8-K,2025-07-25,ef20052355_8k.htm,0001140361-25-027340,000114036125027340,https://www.sec.gov/Archives/edgar/data/320193/000114036125027340/ef20052355_8k.htm
0000320193,Apple Inc.,8-K,2025-07-09,ef20051741_8k.htm,0001140361-25-025275,000114036125025275,https://www.sec.gov/Archives/edgar/data/320193/000114036125025275/ef20051741_8k.htm
0000320193,Apple Inc.,8-K,2025-05-12,ef20048691_8k.htm,0001140361-25-018400,000114036125018400,https://www.sec.gov/Archives/edgar/data/320193/000114036125018400/ef20048691_8k.htm
0000320193,Apple Inc.,10-Q,2025-05-02,aapl-20250329.htm,0000320193-25-000057,000032019325000057,https://www.sec.gov/Archives/edgar/data/320193/000032019325000057/aapl-20250329.htm
0000320193,Apple Inc.,8-K,2025-05-01,aapl-20250501.htm,0000320193-25-000055,000032019325000055,https://www.sec.gov/Archives/edgar/data/320193/000032019325000055/aapl-20250501.htm
0000320193,Apple Inc.,8-K,2025-02-25,ef20044022_8k.htm,0001140361-25-005876,000114036125005876,https://www.sec.gov/Archives/edgar/data/320193/000114036125005876/ef20044022_8k.htm
0000320193,Apple Inc.,10-Q,2025-01-31,aapl-20241228.htm,0000320193-25-000008,000032019325000008,https://www.sec.gov/Archives/edgar/data/320193/000032019325000008/aapl-20241228.htm
0000320193,Apple Inc.,8-K,2025-01-30,aapl-20250130.htm,0000320193-25-000007,000032019325000007,https://www.sec.gov/Archives/edgar/data/320193/000032019325000007/aapl-20250130.htm
0000320193,Apple Inc.,DEFA14A,2025-01-10,aapl4359751-defa14a.htm,0001308179-25-000009,000130817925000009,https://www.sec.gov/Archives/edgar/data/320193/000130817925000009/aapl4359751-defa14a.htm
0000320193,Apple Inc.,DEF 14A,2025-01-10,aapl4359751-def14a.htm,0001308179-25-000008,000130817925000008,https://www.sec.gov/Archives/edgar/data/320193/000130817925000008/aapl4359751-def14a.htm
0000320193,Apple Inc.,8-K,2025-01-03,ef20040370_8k.htm,0001140361-25-000228,000114036125000228,https://www.sec.gov/Archives/edgar/data/320193/000114036125000228/ef20040370_8k.htm
0000320193,Apple Inc.,10-K,2024-11-01,aapl-20240928.htm,0000320193-24-000123,000032019324000123,https://www.sec.gov/Archives/edgar/data/320193/000032019324000123/aapl-20240928.htm
0000320193,Apple Inc.,8-K,2024-10-31,aapl-20241031.htm,0000320193-24-000120,000032019324000120,https://www.sec.gov/Archives/edgar/data/320193/000032019324000120/aapl-20241031.htm
0000320193,Apple Inc.,8-K,2024-09-10,ef20035718_8k.htm,0001140361-24-040659,000114036124040659,https://www.sec.gov/Archives/edgar/data/320193/000114036124040659/ef20035718_8k.htm
0000320193,Apple Inc.,8-K,2024-08-26,ny20033611x3_8k.htm,0001140361-24-038601,000114036124038601,https://www.sec.gov/Archives/edgar/data/320193/000114036124038601/ny20033611x3_8k.htm
0000320193,Apple Inc.,8-K,2024-08-23,ny20033611x2_8k.htm,0001140361-24-038403,000114036124038403,https://www.sec.gov/Archives/edgar/data/320193/000114036124038403/ny20033611x2_8k.htm
0000320193,Apple Inc.,10-Q,2024-08-02,aapl-20240629.htm,0000320193-24-000081,000032019324000081,https://www.sec.gov/Archives/edgar/data/320193/000032019324000081/aapl-20240629.htm
0000320193,Apple Inc.,8-K,2024-08-01,aapl-20240801.htm,0000320193-24-000080,000032019324000080,https://www.sec.gov/Archives/edgar/data/320193/000032019324000080/aapl-20240801.htm
0000320193,Apple Inc.,8-K,2024-05-03,ef20028273_8k.htm,0001140361-24-024352,000114036124024352,https://www.sec.gov/Archives/edgar/data/320193/000114036124024352/ef20028273_8k.htm
0000320193,Apple Inc.,10-Q,2024-05-03,aapl-20240330.htm,0000320193-24-000069,000032019324000069,https://www.sec.gov/Archives/edgar/data/320193/000032019324000069/aapl-20240330.htm
0000320193,Apple Inc.,8-K,2024-05-02,aapl-20240502.htm,0000320193-24-000067,000032019324000067,https://www.sec.gov/Archives/edgar/data/320193/000032019324000067/aapl-20240502.htm
0000320193,Apple Inc.,8-K,2024-02-28,ny20022580x1_8k.htm,0001140361-24-010155,000114036124010155,https://www.sec.gov/Archives/edgar/data/320193/000114036124010155/ny20022580x1_8k.htm
0000320193,Apple Inc.,SC 13G/A,2024-02-14,d751537dsc13ga.htm,0001193125-24-036431,000119312524036431,https://www.sec.gov/Archives/edgar/data/320193/000119312524036431/d751537dsc13ga.htm
0000320193,Apple Inc.,SC 13G/A,2024-02-13,tv0017-appleinc.htm,0001104659-24-020009,000110465924020009,https://www.sec.gov/Archives/edgar/data/320193/000110465924020009/tv0017-appleinc.htm
0000320193,Apple Inc.,10-Q,2024-02-02,aapl-20231230.htm,0000320193-24-000006,000032019324000006,https://www.sec.gov/Archives/edgar/data/320193/000032019324000006/aapl-20231230.htm
0000320193,Apple Inc.,8-K,2024-02-01,aapl-20240201.htm,0000320193-24-000005,000032019324000005,https://www.sec.gov/Archives/edgar/data/320193/000032019324000005/aapl-20240201.htm
0000320193,Apple Inc.,DEFA14A,2024-01-11,laapl2024_defa14a.htm,0001308179-24-000011,000130817924000011,https://www.sec.gov/Archives/edgar/data/320193/000130817924000011/laapl2024_defa14a.htm
0000320193,Apple Inc.,DEF 14A,2024-01-11,laapl2024_def14a.htm,0001308179-24-000010,000130817924000010,https://www.sec.gov/Archives/edgar/data/320193/000130817924000010/laapl2024_def14a.htm
0000320193,Apple Inc.,10-K,2023-11-03,aapl-20230930.htm,0000320193-23-000106,000032019323000106,https://www.sec.gov/Archives/edgar/data/320193/000032019323000106/aapl-20230930.htm
0000320193,Apple Inc.,8-K,2023-11-02,aapl-20231102.htm,0000320193-23-000104,000032019323000104,https://www.sec.gov/Archives/edgar/data/320193/000032019323000104/aapl-20231102.htm
0000320193,Apple Inc.,10-Q,2023-08-04,aapl-20230701.htm,0000320193-23-000077,000032019323000077,https://www.sec.gov/Archives/edgar/data/320193/000032019323000077/aapl-20230701.htm
0000320193,Apple Inc.,8-K,2023-08-03,aapl-20230803.htm,0000320193-23-000075,000032019323000075,https://www.sec.gov/Archives/edgar/data/320193/000032019323000075/aapl-20230803.htm
0000320193,Apple Inc.,8-K,2023-05-10,ny20007635x4_8k.htm,0001140361-23-023909,000114036123023909,https://www.sec.gov/Archives/edgar/data/320193/000114036123023909/ny20007635x4_8k.htm
0000320193,Apple Inc.,10-Q,2023-05-05,aapl-20230401.htm,0000320193-23-000064,000032019323000064,https://www.sec.gov/Archives/edgar/data/320193/000032019323000064/aapl-20230401.htm
0000320193,Apple Inc.,8-K,2023-05-04,aapl-20230504.htm,0000320193-23-000063,000032019323000063,https://www.sec.gov/Archives/edgar/data/320193/000032019323000063/aapl-20230504.htm
0000320193,Apple Inc.,8-K,2023-03-10,brhc10049413_8k.htm,0001140361-23-011192,000114036123011192,https://www.sec.gov/Archives/edgar/data/320193/000114036123011192/brhc10049413_8k.htm
0000320193,Apple Inc.,SC 13G/A,2023-02-14,d382361dsc13ga.htm,0001193125-23-038262,000119312523038262,https://www.sec.gov/Archives/edgar/data/320193/000119312523038262/d382361dsc13ga.htm
0000320193,Apple Inc.,SC 13G/A,2023-02-09,tv0017-appleinc.htm,0001104659-23-015055,000110465923015055,https://www.sec.gov/Archives/edgar/data/320193/000110465923015055/tv0017-appleinc.htm
0000320193,Apple Inc.,DEFA14A,2023-02-03,brhc10047294_defa14a.htm,0001140361-23-004439,000114036123004439,https://www.sec.gov/Archives/edgar/data/320193/000114036123004439/brhc10047294_defa14a.htm
0000320193,Apple Inc.,10-Q,2023-02-03,aapl-20221231.htm,0000320193-23-000006,000032019323000006,https://www.sec.gov/Archives/edgar/data/320193/000032019323000006/aapl-20221231.htm
0000320193,Apple Inc.,8-K,2023-02-02,aapl-20230202.htm,0000320193-23-000005,000032019323000005,https://www.sec.gov/Archives/edgar/data/320193/000032019323000005/aapl-20230202.htm
0000320193,Apple Inc.,DEFA14A,2023-01-12,laap2023_def14a.htm,0001308179-23-000020,000130817923000020,https://www.sec.gov/Archives/edgar/data/320193/000130817923000020/laap2023_def14a.htm
0000320193,Apple Inc.,DEF 14A,2023-01-12,laap2023_def14a.htm,0001308179-23-000019,000130817923000019,https://www.sec.gov/Archives/edgar/data/320193/000130817923000019/laap2023_def14a.htm
0000320193,Apple Inc.,8-K,2022-11-07,d400465d8k.htm,0001193125-22-278435,000119312522278435,https://www.sec.gov/Archives/edgar/data/320193/000119312522278435/d400465d8k.htm
0000320193,Apple Inc.,10-K,2022-10-28,aapl-20220924.htm,0000320193-22-000108,000032019322000108,https://www.sec.gov/Archives/edgar/data/320193/000032019322000108/aapl-20220924.htm
0000320193,Apple Inc.,8-K,2022-10-27,aapl-20221027.htm,0000320193-22-000107,000032019322000107,https://www.sec.gov/Archives/edgar/data/320193/000032019322000107/aapl-20221027.htm
0000320193,Apple Inc.,8-K,2022-08-19,d366128d8k.htm,0001193125-22-225365,000119312522225365,https://www.sec.gov/Archives/edgar/data/320193/000119312522225365/d366128d8k.htm
0000320193,Apple Inc.,8-K,2022-08-08,d297151d8k.htm,0001193125-22-214914,000119312522214914,https://www.sec.gov/Archives/edgar/data/320193/000119312522214914/d297151d8k.htm
0000320193,Apple Inc.,10-Q,2022-07-29,aapl-20220625.htm,0000320193-22-000070,000032019322000070,https://www.sec.gov/Archives/edgar/data/320193/000032019322000070/aapl-20220625.htm
0000320193,Apple Inc.,8-K,2022-07-28,aapl-20220728.htm,0000320193-22-000069,000032019322000069,https://www.sec.gov/Archives/edgar/data/320193/000032019322000069/aapl-20220728.htm
0000320193,Apple Inc.,10-Q,2022-04-29,aapl-20220326.htm,0000320193-22-000059,000032019322000059,https://www.sec.gov/Archives/edgar/data/320193/000032019322000059/aapl-20220326.htm
0000320193,Apple Inc.,8-K,2022-04-28,aapl-20220428.htm,0000320193-22-000058,000032019322000058,https://www.sec.gov/Archives/edgar/data/320193/000032019322000058/aapl-20220428.htm
0000320193,Apple Inc.,8-K,2022-03-04,d294699d8k.htm,0001193125-22-066169,000119312522066169,https://www.sec.gov/Archives/edgar/data/320193/000119312522066169/d294699d8k.htm
0000320193,Apple Inc.,SC 13G/A,2022-02-09,tv0011-appleinc.htm,0001104659-22-016224,000110465922016224,https://www.sec.gov/Archives/edgar/data/320193/000110465922016224/tv0011-appleinc.htm
0000320193,Apple Inc.,10-Q,2022-01-28,aapl-20211225.htm,0000320193-22-000007,000032019322000007,https://www.sec.gov/Archives/edgar/data/320193/000032019322000007/aapl-20211225.htm
0000320193,Apple Inc.,8-K,2022-01-27,aapl-20220127.htm,0000320193-22-000006,000032019322000006,https://www.sec.gov/Archives/edgar/data/320193/000032019322000006/aapl-20220127.htm
0000320193,Apple Inc.,DEFA14A,2022-01-06,d399129ddefa14a.htm,0001193125-22-003593,000119312522003593,https://www.sec.gov/Archives/edgar/data/320193/000119312522003593/d399129ddefa14a.htm
0000320193,Apple Inc.,DEF 14A,2022-01-06,d222670ddef14a.htm,0001193125-22-003583,000119312522003583,https://www.sec.gov/Archives/edgar/data/320193/000119312522003583/d222670ddef14a.htm
0000320193,Apple Inc.,8-K,2021-11-12,d259993d8k.htm,0001193125-21-328151,000119312521328151,https://www.sec.gov/Archives/edgar/data/320193/000119312521328151/d259993d8k.htm
0000320193,Apple Inc.,10-K,2021-10-29,aapl-20210925.htm,0000320193-21-000105,000032019321000105,https://www.sec.gov/Archives/edgar/data/320193/000032019321000105/aapl-20210925.htm
0000320193,Apple Inc.,8-K,2021-10-28,aapl-20211028.htm,0000320193-21-000104,000032019321000104,https://www.sec.gov/Archives/edgar/data/320193/000032019321000104/aapl-20211028.htm
0000320193,Apple Inc.,8-K,2021-08-05,d199884d8k.htm,0001193125-21-237787,000119312521237787,https://www.sec.gov/Archives/edgar/data/320193/000119312521237787/d199884d8k.htm
0000320193,Apple Inc.,10-Q,2021-07-28,aapl-20210626.htm,0000320193-21-000065,000032019321000065,https://www.sec.gov/Archives/edgar/data/320193/000032019321000065/aapl-20210626.htm
0000320193,Apple Inc.,8-K,2021-07-27,aapl-20210727.htm,0000320193-21-000063,000032019321000063,https://www.sec.gov/Archives/edgar/data/320193/000032019321000063/aapl-20210727.htm
0000320193,Apple Inc.,10-Q,2021-04-29,aapl-20210327.htm,0000320193-21-000056,000032019321000056,https://www.sec.gov/Archives/edgar/data/320193/000032019321000056/aapl-20210327.htm
0000320193,Apple Inc.,8-K,2021-04-28,aapl-20210428.htm,0000320193-21-000055,000032019321000055,https://www.sec.gov/Archives/edgar/data/320193/000032019321000055/aapl-20210428.htm
0000320193,Apple Inc.,8-K,2021-02-24,d101693d8k.htm,0001193125-21-054710,000119312521054710,https://www.sec.gov/Archives/edgar/data/320193/000119312521054710/d101693d8k.htm
0000320193,Apple Inc.,SC 13G/A,2021-02-16,d107461dsc13ga.htm,0001193125-21-044816,000119312521044816,https://www.sec.gov/Archives/edgar/data/320193/000119312521044816/d107461dsc13ga.htm
0000320193,Apple Inc.,SC 13G/A,2021-02-10,tv0010-appleinc.htm,0001104659-21-017199,000110465921017199,https://www.sec.gov/Archives/edgar/data/320193/000110465921017199/tv0010-appleinc.htm
0000320193,Apple Inc.,8-K,2021-02-08,d70217d8k.htm,0001193125-21-032394,000119312521032394,https://www.sec.gov/Archives/edgar/data/320193/000119312521032394/d70217d8k.htm
0000320193,Apple Inc.,10-Q,2021-01-28,aapl-20201226.htm,0000320193-21-000010,000032019321000010,https://www.sec.gov/Archives/edgar/data/320193/000032019321000010/aapl-20201226.htm
0000320193,Apple Inc.,8-K,2021-01-27,aapl-20210127.htm,0000320193-21-000009,000032019321000009,https://www.sec.gov/Archives/edgar/data/320193/000032019321000009/aapl-20210127.htm
0000320193,Apple Inc.,DEFA14A,2021-01-05,d767776ddefa14a.htm,0001193125-21-001989,000119312521001989,https://www.sec.gov/Archives/edgar/data/320193/000119312521001989/d767776ddefa14a.htm
0000320193,Apple Inc.,DEF 14A,2021-01-05,d767770ddef14a.htm,0001193125-21-001987,000119312521001987,https://www.sec.gov/Archives/edgar/data/320193/000119312521001987/d767770ddef14a.htm
0000320193,Apple Inc.,8-K,2021-01-05,d29637d8k.htm,0001193125-21-001982,000119312521001982,https://www.sec.gov/Archives/edgar/data/320193/000119312521001982/d29637d8k.htm
0000320193,Apple Inc.,10-K,2020-10-30,aapl-20200926.htm,0000320193-20-000096,000032019320000096,https://www.sec.gov/Archives/edgar/data/320193/000032019320000096/aapl-20200926.htm
0000320193,Apple Inc.,8-K,2020-10-29,aapl-20201029.htm,0000320193-20-000094,000032019320000094,https://www.sec.gov/Archives/edgar/data/320193/000032019320000094/aapl-20201029.htm
0000320193,Apple Inc.,8-K,2020-08-20,d937363d8k.htm,0001193125-20-225672,000119312520225672,https://www.sec.gov/Archives/edgar/data/320193/000119312520225672/d937363d8k.htm
0000320193,Apple Inc.,8-K,2020-08-07,d49399d8k.htm,0001193125-20-213158,000119312520213158,https://www.sec.gov/Archives/edgar/data/320193/000119312520213158/d49399d8k.htm
0000320193,Apple Inc.,10-Q,2020-07-31,aapl-20200627.htm,0000320193-20-000062,000032019320000062,https://www.sec.gov/Archives/edgar/data/320193/000032019320000062/aapl-20200627.htm
0000320193,Apple Inc.,8-K,2020-07-30,aapl-20200730.htm,0000320193-20-000060,000032019320000060,https://www.sec.gov/Archives/edgar/data/320193/000032019320000060/aapl-20200730.htm
0000320193,Apple Inc.,8-K,2020-05-11,d926511d8k.htm,0001193125-20-139112,000119312520139112,https://www.sec.gov/Archives/edgar/data/320193/000119312520139112/d926511d8k.htm
0000320193,Apple Inc.,10-Q,2020-05-01,a10-qq220203282020.htm,0000320193-20-000052,000032019320000052,https://www.sec.gov/Archives/edgar/data/320193/000032019320000052/a10-qq220203282020.htm
0000320193,Apple Inc.,8-K,2020-04-30,a8-kq220203282020.htm,0000320193-20-000050,000032019320000050,https://www.sec.gov/Archives/edgar/data/320193/000032019320000050/a8-kq220203282020.htm
0000320193,Apple Inc.,8-K,2020-02-27,d865740d8k.htm,0001193125-20-050884,000119312520050884,https://www.sec.gov/Archives/edgar/data/320193/000119312520050884/d865740d8k.htm
0000320193,Apple Inc.,8-K,2020-02-18,d845033d8k.htm,0001193125-20-039203,000119312520039203,https://www.sec.gov/Archives/edgar/data/320193/000119312520039203/d845033d8k.htm
0000320193,Apple Inc.,SC 13G/A,2020-02-14,d852265dsc13ga.htm,0001193125-20-038381,000119312520038381,https://www.sec.gov/Archives/edgar/data/320193/000119312520038381/d852265dsc13ga.htm
0000320193,Apple Inc.,SC 13G/A,2020-02-12,tv01779-appleinc.htm,0001104659-20-018528,000110465920018528,https://www.sec.gov/Archives/edgar/data/320193/000110465920018528/tv01779-appleinc.htm
0000320193,Apple Inc.,10-Q,2020-01-29,a10-qq1202012282019.htm,0000320193-20-000010,000032019320000010,https://www.sec.gov/Archives/edgar/data/320193/000032019320000010/a10-qq1202012282019.htm
0000320193,Apple Inc.,8-K,2020-01-28,a8-kq1202012282019.htm,0000320193-20-000008,000032019320000008,https://www.sec.gov/Archives/edgar/data/320193/000032019320000008/a8-kq1202012282019.htm
0000320193,Apple Inc.,DEFA14A,2020-01-03,d799146ddefa14a.htm,0001193125-20-001452,000119312520001452,https://www.sec.gov/Archives/edgar/data/320193/000119312520001452/d799146ddefa14a.htm
0000320193,Apple Inc.,DEF 14A,2020-01-03,d799303ddef14a.htm,0001193125-20-001450,000119312520001450,https://www.sec.gov/Archives/edgar/data/320193/000119312520001450/d799303ddef14a.htm
0000320193,Apple Inc.,8-K,2019-11-15,d828969d8k.htm,0001193125-19-292676,000119312519292676,https://www.sec.gov/Archives/edgar/data/320193/000119312519292676/d828969d8k.htm
0000320193,Apple Inc.,10-K,2019-10-31,a10-k20199282019.htm,0000320193-19-000119,000032019319000119,https://www.sec.gov/Archives/edgar/data/320193/000032019319000119/a10-k20199282019.htm
0000320193,Apple Inc.,8-K,2019-10-30,a8-kq420199282019.htm,0000320193-19-000117,000032019319000117,https://www.sec.gov/Archives/edgar/data/320193/000032019319000117/a8-kq420199282019.htm
0000320193,Apple Inc.,8-K,2019-09-13,a8-kseptember201991019.htm,0000320193-19-000093,000032019319000093,https://www.sec.gov/Archives/edgar/data/320193/000032019319000093/a8-kseptember201991019.htm
0000320193,Apple Inc.,8-K,2019-09-11,d777124d8k.htm,0001193125-19-242975,000119312519242975,https://www.sec.gov/Archives/edgar/data/320193/000119312519242975/d777124d8k.htm
0000320193,Apple Inc.,10-Q,2019-07-31,a10-qq320196292019.htm,0000320193-19-000076,000032019319000076,https://www.sec.gov/Archives/edgar/data/320193/000032019319000076/a10-qq320196292019.htm
0000320193,Apple Inc.,8-K,2019-07-30,a8-kq320196292019.htm,0000320193-19-000073,000032019319000073,https://www.sec.gov/Archives/edgar/data/320193/000032019319000073/a8-kq320196292019.htm
0000320193,Apple Inc.,10-Q,2019-05-01,a10-qq220193302019.htm,0000320193-19-000066,000032019319000066,https://www.sec.gov/Archives/edgar/data/320193/000032019319000066/a10-qq220193302019.htm
0000320193,Apple Inc.,8-K,2019-04-30,a8-kq220193302019.htm,0000320193-19-000063,000032019319000063,https://www.sec.gov/Archives/edgar/data/320193/000032019319000063/a8-kq220193302019.htm
0000320193,Apple Inc.,8-K,2019-03-04,copyofreference8-kform8xkq.htm,0000320193-19-000032,000032019319000032,https://www.sec.gov/Archives/edgar/data/320193/000032019319000032/copyofreference8-kform8xkq.htm
0000320193,Apple Inc.,SC 13G,2019-02-14,d667611dsc13g.htm,0001193125-19-041014,000119312519041014,https://www.sec.gov/Archives/edgar/data/320193/000119312519041014/d667611dsc13g.htm
0000320193,Apple Inc.,SC 13G/A,2019-02-11,appleinc.htm,0000932471-19-004418,000093247119004418,https://www.sec.gov/Archives/edgar/data/320193/000093247119004418/appleinc.htm
0000320193,Apple Inc.,8-K,2019-02-06,a8-kfebruary2019252019.htm,0000320193-19-000026,000032019319000026,https://www.sec.gov/Archives/edgar/data/320193/000032019319000026/a8-kfebruary2019252019.htm
0000320193,Apple Inc.,10-Q,2019-01-30,a10-qq1201912292018.htm,0000320193-19-000010,000032019319000010,https://www.sec.gov/Archives/edgar/data/320193/000032019319000010/a10-qq1201912292018.htm
0000320193,Apple Inc.,8-K,2019-01-29,a8-kq1201912292018.htm,0000320193-19-000007,000032019319000007,https://www.sec.gov/Archives/edgar/data/320193/000032019319000007/a8-kq1201912292018.htm
0000320193,Apple Inc.,DEFA14A,2019-01-08,d668059ddefa14a.htm,0001193125-19-004678,000119312519004678,https://www.sec.gov/Archives/edgar/data/320193/000119312519004678/d668059ddefa14a.htm
0000320193,Apple Inc.,DEF 14A,2019-01-08,d667873ddef14a.htm,0001193125-19-004664,000119312519004664,https://www.sec.gov/Archives/edgar/data/320193/000119312519004664/d667873ddef14a.htm
0000320193,Apple Inc.,8-K,2019-01-02,a8-kjanuary2019122019.htm,0000320193-19-000002,000032019319000002,https://www.sec.gov/Archives/edgar/data/320193/000032019319000002/a8-kjanuary2019122019.htm
0000320193,Apple Inc.,10-K,2018-11-05,a10-k20189292018.htm,0000320193-18-000145,000032019318000145,https://www.sec.gov/Archives/edgar/data/320193/000032019318000145/a10-k20189292018.htm
0000320193,Apple Inc.,8-K,2018-11-01,a8-kq420189292018.htm,0000320193-18-000142,000032019318000142,https://www.sec.gov/Archives/edgar/data/320193/000032019318000142/a8-kq420189292018.htm
0000320193,Apple Inc.,10-Q,2018-08-01,a10-qq320186302018.htm,0000320193-18-000100,000032019318000100,https://www.sec.gov/Archives/edgar/data/320193/000032019318000100/a10-qq320186302018.htm
0000320193,Apple Inc.,8-K,2018-07-31,a8-kq320186302018.htm,0000320193-18-000098,000032019318000098,https://www.sec.gov/Archives/edgar/data/320193/000032019318000098/a8-kq320186302018.htm
0000320193,Apple Inc.,8-K,2018-05-07,d563832d8k.htm,0001193125-18-154515,000119312518154515,https://www.sec.gov/Archives/edgar/data/320193/000119312518154515/d563832d8k.htm
0000320193,Apple Inc.,10-Q,2018-05-02,a10-qq220183312018.htm,0000320193-18-000070,000032019318000070,https://www.sec.gov/Archives/edgar/data/320193/000032019318000070/a10-qq220183312018.htm
0000320193,Apple Inc.,8-K,2018-05-01,a8-kq220183312018.htm,0000320193-18-000067,000032019318000067,https://www.sec.gov/Archives/edgar/data/320193/000032019318000067/a8-kq220183312018.htm
0000320193,Apple Inc.,8-K,2018-02-14,d374908d8k.htm,0001193125-18-045761,000119312518045761,https://www.sec.gov/Archives/edgar/data/320193/000119312518045761/d374908d8k.htm
0000320193,Apple Inc.,SC 13G/A,2018-02-12,appleinc.htm,0000932471-18-004625,000093247118004625,https://www.sec.gov/Archives/edgar/data/320193/000093247118004625/appleinc.htm
0000320193,Apple Inc.,10-Q,2018-02-02,a10-qq1201812302017.htm,0000320193-18-000007,000032019318000007,https://www.sec.gov/Archives/edgar/data/320193/000032019318000007/a10-qq1201812302017.htm
0000320193,Apple Inc.,8-K,2018-02-01,a8-kq1201812302017.htm,0000320193-18-000005,000032019318000005,https://www.sec.gov/Archives/edgar/data/320193/000032019318000005/a8-kq1201812302017.htm
0000320193,Apple Inc.,DEFA14A,2017-12-27,d396272ddefa14a.htm,0001193125-17-380132,000119312517380132,https://www.sec.gov/Archives/edgar/data/320193/000119312517380132/d396272ddefa14a.htm
0000320193,Apple Inc.,DEF 14A,2017-12-27,d400278ddef14a.htm,0001193125-17-380130,000119312517380130,https://www.sec.gov/Archives/edgar/data/320193/000119312517380130/d400278ddef14a.htm
0000320193,Apple Inc.,8-K,2017-11-13,d478060d8k.htm,0001193125-17-341015,000119312517341015,https://www.sec.gov/Archives/edgar/data/320193/000119312517341015/d478060d8k.htm
0000320193,Apple Inc.,10-K,2017-11-03,a10-k20179302017.htm,0000320193-17-000070,000032019317000070,https://www.sec.gov/Archives/edgar/data/320193/000032019317000070/a10-k20179302017.htm
0000320193,Apple Inc.,8-K,2017-11-02,a8-kq420179302017.htm,0000320193-17-000067,000032019317000067,https://www.sec.gov/Archives/edgar/data/320193/000032019317000067/a8-kq420179302017.htm
0000320193,Apple Inc.,8-K,2017-10-12,d386231d8k.htm,0001193125-17-308859,000119312517308859,https://www.sec.gov/Archives/edgar/data/320193/000119312517308859/d386231d8k.htm
0000320193,Apple Inc.,8-K,2017-09-12,d434478d8k.htm,0001193125-17-282809,000119312517282809,https://www.sec.gov/Archives/edgar/data/320193/000119312517282809/d434478d8k.htm
0000320193,Apple Inc.,8-K,2017-08-18,d593893d8k.htm,0001193125-17-262261,000119312517262261,https://www.sec.gov/Archives/edgar/data/320193/000119312517262261/d593893d8k.htm
0000320193,Apple Inc.,10-Q,2017-08-02,a10-qq32017712017.htm,0000320193-17-000009,000032019317000009,https://www.sec.gov/Archives/edgar/data/320193/000032019317000009/a10-qq32017712017.htm
0000320193,Apple Inc.,8-K,2017-08-01,a8-kq32017712017.htm,0000320193-17-000006,000032019317000006,https://www.sec.gov/Archives/edgar/data/320193/000032019317000006/a8-kq32017712017.htm
0000320193,Apple Inc.,8-K,2017-06-20,d413980d8k.htm,0001193125-17-208226,000119312517208226,https://www.sec.gov/Archives/edgar/data/320193/000119312517208226/d413980d8k.htm
0000320193,Apple Inc.,8-K,2017-05-24,d583637d8k.htm,0001193125-17-181867,000119312517181867,https://www.sec.gov/Archives/edgar/data/320193/000119312517181867/d583637d8k.htm
0000320193,Apple Inc.,8-K,2017-05-11,d388721d8k.htm,0001193125-17-167400,000119312517167400,https://www.sec.gov/Archives/edgar/data/320193/000119312517167400/d388721d8k.htm
0000320193,Apple Inc.,10-Q,2017-05-03,a10-qq22017412017.htm,0001628280-17-004790,000162828017004790,https://www.sec.gov/Archives/edgar/data/320193/000162828017004790/a10-qq22017412017.htm
0000320193,Apple Inc.,8-K,2017-05-02,a8-kq22017412017.htm,0001628280-17-004663,000162828017004663,https://www.sec.gov/Archives/edgar/data/320193/000162828017004663/a8-kq22017412017.htm
0000320193,Apple Inc.,8-K,2017-03-03,d348450d8k.htm,0001193125-17-069853,000119312517069853,https://www.sec.gov/Archives/edgar/data/320193/000119312517069853/d348450d8k.htm
0000320193,Apple Inc.,8-K,2017-03-01,d342218d8k.htm,0001193125-17-064019,000119312517064019,https://www.sec.gov/Archives/edgar/data/320193/000119312517064019/d342218d8k.htm
0000320193,Apple Inc.,8-K,2017-02-09,d340350d8k.htm,0001193125-17-036283,000119312517036283,https://www.sec.gov/Archives/edgar/data/320193/000119312517036283/d340350d8k.htm
0000320193,Apple Inc.,SC 13G/A,2017-02-09,appleinc.htm,0000932471-17-000777,000093247117000777,https://www.sec.gov/Archives/edgar/data/320193/000093247117000777/appleinc.htm
0000320193,Apple Inc.,10-Q,2017-02-01,a10-qq1201712312016.htm,0001628280-17-000717,000162828017000717,https://www.sec.gov/Archives/edgar/data/320193/000162828017000717/a10-qq1201712312016.htm
0000320193,Apple Inc.,8-K,2017-01-31,a8-kq1201712312016.htm,0001628280-17-000663,000162828017000663,https://www.sec.gov/Archives/edgar/data/320193/000162828017000663/a8-kq1201712312016.htm
0000320193,Apple Inc.,DEFA14A,2017-01-06,d307349ddefa14a.htm,0001193125-17-003764,000119312517003764,https://www.sec.gov/Archives/edgar/data/320193/000119312517003764/d307349ddefa14a.htm
0000320193,Apple Inc.,DEF 14A,2017-01-06,d257185ddef14a.htm,0001193125-17-003753,000119312517003753,https://www.sec.gov/Archives/edgar/data/320193/000119312517003753/d257185ddef14a.htm
0000320193,Apple Inc.,8-K,2016-12-15,form8-k121316.htm,0001628280-16-022047,000162828016022047,https://www.sec.gov/Archives/edgar/data/320193/000162828016022047/form8-k121316.htm
0000320193,Apple Inc.,10-K,2016-10-26,a201610-k9242016.htm,0001628280-16-020309,000162828016020309,https://www.sec.gov/Archives/edgar/data/320193/000162828016020309/a201610-k9242016.htm
0000320193,Apple Inc.,8-K,2016-10-25,a8-kq420169242016.htm,0001628280-16-020258,000162828016020258,https://www.sec.gov/Archives/edgar/data/320193/000162828016020258/a8-kq420169242016.htm
0000320193,Apple Inc.,8-K,2016-08-04,d234980d8k.htm,0001193125-16-672044,000119312516672044,https://www.sec.gov/Archives/edgar/data/320193/000119312516672044/d234980d8k.htm
0000320193,Apple Inc.,10-Q,2016-07-27,a10-qq320166252016.htm,0001628280-16-017809,000162828016017809,https://www.sec.gov/Archives/edgar/data/320193/000162828016017809/a10-qq320166252016.htm
0000320193,Apple Inc.,8-K,2016-07-26,a8-kq320166252016.htm,0001628280-16-017762,000162828016017762,https://www.sec.gov/Archives/edgar/data/320193/000162828016017762/a8-kq320166252016.htm
0000320193,Apple Inc.,8-K,2016-06-22,d209946d8k.htm,0001193125-16-628957,000119312516628957,https://www.sec.gov/Archives/edgar/data/320193/000119312516628957/d209946d8k.htm
0000320193,Apple Inc.,10-Q,2016-04-27,d165350d10q.htm,0001193125-16-559625,000119312516559625,https://www.sec.gov/Archives/edgar/data/320193/000119312516559625/d165350d10q.htm
0000320193,Apple Inc.,8-K,2016-04-26,d325078d8k.htm,0001193125-16-556520,000119312516556520,https://www.sec.gov/Archives/edgar/data/320193/000119312516556520/d325078d8k.htm
0000320193,Apple Inc.,8-K,2016-03-24,d161597d8k.htm,0001193125-16-516891,000119312516516891,https://www.sec.gov/Archives/edgar/data/320193/000119312516516891/d161597d8k.htm
0000320193,Apple Inc.,8-K,2016-03-01,d150918d8k.htm,0001193125-16-488223,000119312516488223,https://www.sec.gov/Archives/edgar/data/320193/000119312516488223/d150918d8k.htm
0000320193,Apple Inc.,8-K,2016-02-23,d143184d8k.htm,0001193125-16-473562,000119312516473562,https://www.sec.gov/Archives/edgar/data/320193/000119312516473562/d143184d8k.htm
0000320193,Apple Inc.,SC 13G/A,2016-02-10,appleinc.htm,0000932471-16-011528,000093247116011528,https://www.sec.gov/Archives/edgar/data/320193/000093247116011528/appleinc.htm
0000320193,Apple Inc.,10-Q,2016-01-27,d66145d10q.htm,0001193125-16-439878,000119312516439878,https://www.sec.gov/Archives/edgar/data/320193/000119312516439878/d66145d10q.htm
0000320193,Apple Inc.,8-K,2016-01-26,d22806d8k.htm,0001193125-16-438421,000119312516438421,https://www.sec.gov/Archives/edgar/data/320193/000119312516438421/d22806d8k.htm
0000320193,Apple Inc.,DEFA14A,2016-01-06,d10999ddefa14a.htm,0001193125-16-422534,000119312516422534,https://www.sec.gov/Archives/edgar/data/320193/000119312516422534/d10999ddefa14a.htm
0000320193,Apple Inc.,DEF 14A,2016-01-06,d79474ddef14a.htm,0001193125-16-422528,000119312516422528,https://www.sec.gov/Archives/edgar/data/320193/000119312516422528/d79474ddef14a.htm
0000320193,Apple Inc.,8-K,2015-12-22,d55543d8k.htm,0001193125-15-410853,000119312515410853,https://www.sec.gov/Archives/edgar/data/320193/000119312515410853/d55543d8k.htm
0000320193,Apple Inc.,8-K,2015-12-17,d107635d8k.htm,0001193125-15-406279,000119312515406279,https://www.sec.gov/Archives/edgar/data/320193/000119312515406279/d107635d8k.htm
0000320193,Apple Inc.,10-K,2015-10-28,d17062d10k.htm,0001193125-15-356351,000119312515356351,https://www.sec.gov/Archives/edgar/data/320193/000119312515356351/d17062d10k.htm
0000320193,Apple Inc.,8-K,2015-10-27,d74332d8k.htm,0001193125-15-354756,000119312515354756,https://www.sec.gov/Archives/edgar/data/320193/000119312515354756/d74332d8k.htm
0000320193,Apple Inc.,8-K,2015-10-02,d10101d8k.htm,0001193125-15-336615,000119312515336615,https://www.sec.gov/Archives/edgar/data/320193/000119312515336615/d10101d8k.htm
0000320193,Apple Inc.,8-K,2015-09-17,d31615d8k.htm,0001193125-15-322466,000119312515322466,https://www.sec.gov/Archives/edgar/data/320193/000119312515322466/d31615d8k.htm
0000320193,Apple Inc.,8-K,2015-07-31,d12789d8k.htm,0001193125-15-273023,000119312515273023,https://www.sec.gov/Archives/edgar/data/320193/000119312515273023/d12789d8k.htm
0000320193,Apple Inc.,10-Q,2015-07-22,d927922d10q.htm,0001193125-15-259935,000119312515259935,https://www.sec.gov/Archives/edgar/data/320193/000119312515259935/d927922d10q.htm
0000320193,Apple Inc.,8-K,2015-07-21,d927923d8k.htm,0001193125-15-258464,000119312515258464,https://www.sec.gov/Archives/edgar/data/320193/000119312515258464/d927923d8k.htm
0000320193,Apple Inc.,8-K,2015-06-10,d938654d8k.htm,0001193125-15-219298,000119312515219298,https://www.sec.gov/Archives/edgar/data/320193/000119312515219298/d938654d8k.htm
0000320193,Apple Inc.,8-K,2015-05-13,d923398d8k.htm,0001193125-15-186064,000119312515186064,https://www.sec.gov/Archives/edgar/data/320193/000119312515186064/d923398d8k.htm
0000320193,Apple Inc.,10-Q,2015-04-28,d892246d10q.htm,0001193125-15-153166,000119312515153166,https://www.sec.gov/Archives/edgar/data/320193/000119312515153166/d892246d10q.htm
0000320193,Apple Inc.,8-K,2015-04-27,d914157d8k.htm,0001193125-15-149607,000119312515149607,https://www.sec.gov/Archives/edgar/data/320193/000119312515149607/d914157d8k.htm
0000320193,Apple Inc.,8-K,2015-04-27,d901296d8k.htm,0001193125-15-149590,000119312515149590,https://www.sec.gov/Archives/edgar/data/320193/000119312515149590/d901296d8k.htm
0000320193,Apple Inc.,8-K,2015-03-13,a15-5624_18k.htm,0001104659-15-019336,000110465915019336,https://www.sec.gov/Archives/edgar/data/320193/000110465915019336/a15-5624_18k.htm
0001045810,NVIDIA CORP,10-K,2026-02-25,nvda-20260125.htm,0001045810-26-000021,000104581026000021,https://www.sec.gov/Archives/edgar/data/1045810/000104581026000021/nvda-20260125.htm
0001045810,NVIDIA CORP,8-K,2026-02-25,nvda-20260225.htm,0001045810-26-000019,000104581026000019,https://www.sec.gov/Archives/edgar/data/1045810/000104581026000019/nvda-20260225.htm
0001045810,NVIDIA CORP,8-K,2026-01-23,nvda-20260120.htm,0001045810-26-000003,000104581026000003,https://www.sec.gov/Archives/edgar/data/1045810/000104581026000003/nvda-20260120.htm
0001045810,NVIDIA CORP,10-Q,2025-11-19,nvda-20251026.htm,0001045810-25-000230,000104581025000230,https://www.sec.gov/Archives/edgar/data/1045810/000104581025000230/nvda-20251026.htm
0001045810,NVIDIA CORP,8-K,2025-11-19,nvda-20251119.htm,0001045810-25-000228,000104581025000228,https://www.sec.gov/Archives/edgar/data/1045810/000104581025000228/nvda-20251119.htm
0001045810,NVIDIA CORP,10-Q,2025-08-27,nvda-20250727.htm,0001045810-25-000209,000104581025000209,https://www.sec.gov/Archives/edgar/data/1045810/000104581025000209/nvda-20250727.htm
0001045810,NVIDIA CORP,8-K,2025-08-27,nvda-20250827.htm,0001045810-25-000207,000104581025000207,https://www.sec.gov/Archives/edgar/data/1045810/000104581025000207/nvda-20250827.htm
0001045810,NVIDIA CORP,8-K,2025-08-05,nvda-20250731.htm,0001045810-25-000197,000104581025000197,https://www.sec.gov/Archives/edgar/data/1045810/000104581025000197/nvda-20250731.htm
0001045810,NVIDIA CORP,8-K,2025-07-01,nvda-20250625.htm,0001045810-25-000179,000104581025000179,https://www.sec.gov/Archives/edgar/data/1045810/000104581025000179/nvda-20250625.htm
0001045810,NVIDIA CORP,10-Q,2025-05-28,nvda-20250427.htm,0001045810-25-000116,000104581025000116,https://www.sec.gov/Archives/edgar/data/1045810/000104581025000116/nvda-20250427.htm
0001045810,NVIDIA CORP,8-K,2025-05-28,nvda-20250528.htm,0001045810-25-000115,000104581025000115,https://www.sec.gov/Archives/edgar/data/1045810/000104581025000115/nvda-20250528.htm
0001045810,NVIDIA CORP,DEFA14A,2025-05-13,noticeof2025annualmeeting1.htm,0001045810-25-000097,000104581025000097,https://www.sec.gov/Archives/edgar/data/1045810/000104581025000097/noticeof2025annualmeeting1.htm
0001045810,NVIDIA CORP,DEF 14A,2025-05-13,nvda-20250512.htm,0001045810-25-000095,000104581025000095,https://www.sec.gov/Archives/edgar/data/1045810/000104581025000095/nvda-20250512.htm
0001045810,NVIDIA CORP,8-K,2025-04-15,nvda-20250409.htm,0001045810-25-000082,000104581025000082,https://www.sec.gov/Archives/edgar/data/1045810/000104581025000082/nvda-20250409.htm
0001045810,NVIDIA CORP,8-K,2025-03-07,nvda-20250303.htm,0001045810-25-000039,000104581025000039,https://www.sec.gov/Archives/edgar/data/1045810/000104581025000039/nvda-20250303.htm
0001045810,NVIDIA CORP,10-K,2025-02-26,nvda-20250126.htm,0001045810-25-000023,000104581025000023,https://www.sec.gov/Archives/edgar/data/1045810/000104581025000023/nvda-20250126.htm
0001045810,NVIDIA CORP,8-K,2025-02-26,nvda-20250226.htm,0001045810-25-000021,000104581025000021,https://www.sec.gov/Archives/edgar/data/1045810/000104581025000021/nvda-20250226.htm
0001045810,NVIDIA CORP,8-K,2025-01-17,nvda-20250113.htm,0001045810-25-000007,000104581025000007,https://www.sec.gov/Archives/edgar/data/1045810/000104581025000007/nvda-20250113.htm
0001045810,NVIDIA CORP,10-Q,2024-11-20,nvda-20241027.htm,0001045810-24-000316,000104581024000316,https://www.sec.gov/Archives/edgar/data/1045810/000104581024000316/nvda-20241027.htm
0001045810,NVIDIA CORP,8-K,2024-11-20,nvda-20241120.htm,0001045810-24-000315,000104581024000315,https://www.sec.gov/Archives/edgar/data/1045810/000104581024000315/nvda-20241120.htm
0001045810,NVIDIA CORP,8-K,2024-11-07,nvda-20241107.htm,0001045810-24-000300,000104581024000300,https://www.sec.gov/Archives/edgar/data/1045810/000104581024000300/nvda-20241107.htm
0001045810,NVIDIA CORP,10-Q,2024-08-28,nvda-20240728.htm,0001045810-24-000264,000104581024000264,https://www.sec.gov/Archives/edgar/data/1045810/000104581024000264/nvda-20240728.htm
0001045810,NVIDIA CORP,8-K,2024-08-28,nvda-20240828.htm,0001045810-24-000262,000104581024000262,https://www.sec.gov/Archives/edgar/data/1045810/000104581024000262/nvda-20240828.htm
0001045810,NVIDIA CORP,SC 13G,2024-07-18,nvidia-serv13g.htm,0001045810-24-000230,000104581024000230,https://www.sec.gov/Archives/edgar/data/1045810/000104581024000230/nvidia-serv13g.htm
0001045810,NVIDIA CORP,8-K,2024-07-02,nvda-20240626.htm,0001045810-24-000206,000104581024000206,https://www.sec.gov/Archives/edgar/data/1045810/000104581024000206/nvda-20240626.htm
0001045810,NVIDIA CORP,8-K,2024-06-07,nvda-20240607.htm,0001045810-24-000144,000104581024000144,https://www.sec.gov/Archives/edgar/data/1045810/000104581024000144/nvda-20240607.htm
0001045810,NVIDIA CORP,10-Q,2024-05-29,nvda-20240428.htm,0001045810-24-000124,000104581024000124,https://www.sec.gov/Archives/edgar/data/1045810/000104581024000124/nvda-20240428.htm
0001045810,NVIDIA CORP,8-K,2024-05-22,nvda-20240522.htm,0001045810-24-000113,000104581024000113,https://www.sec.gov/Archives/edgar/data/1045810/000104581024000113/nvda-20240522.htm
0001045810,NVIDIA CORP,DEFA14A,2024-05-14,noticeof2024annualmeeting.htm,0001045810-24-000105,000104581024000105,https://www.sec.gov/Archives/edgar/data/1045810/000104581024000105/noticeof2024annualmeeting.htm
0001045810,NVIDIA CORP,DEF 14A,2024-05-14,nvda-20240514.htm,0001045810-24-000104,000104581024000104,https://www.sec.gov/Archives/edgar/data/1045810/000104581024000104/nvda-20240514.htm
0001045810,NVIDIA CORP,8-K,2024-03-14,nvda-20240308.htm,0001045810-24-000069,000104581024000069,https://www.sec.gov/Archives/edgar/data/1045810/000104581024000069/nvda-20240308.htm
0001045810,NVIDIA CORP,10-K,2024-02-21,nvda-20240128.htm,0001045810-24-000029,000104581024000029,https://www.sec.gov/Archives/edgar/data/1045810/000104581024000029/nvda-20240128.htm
0001045810,NVIDIA CORP,8-K,2024-02-21,nvda-20240221.htm,0001045810-24-000028,000104581024000028,https://www.sec.gov/Archives/edgar/data/1045810/000104581024000028/nvda-20240221.htm
0001045810,NVIDIA CORP,SC 13G/A,2024-02-13,tv01585-nvidiacorp.htm,0001104659-24-021596,000110465924021596,https://www.sec.gov/Archives/edgar/data/1045810/000110465924021596/tv01585-nvidiacorp.htm
0001045810,NVIDIA CORP,10-Q,2023-11-21,nvda-20231029.htm,0001045810-23-000227,000104581023000227,https://www.sec.gov/Archives/edgar/data/1045810/000104581023000227/nvda-20231029.htm
0001045810,NVIDIA CORP,8-K,2023-11-21,nvda-20231121.htm,0001045810-23-000225,000104581023000225,https://www.sec.gov/Archives/edgar/data/1045810/000104581023000225/nvda-20231121.htm
0001045810,NVIDIA CORP,8-K,2023-10-24,nvda-20231023.htm,0001045810-23-000221,000104581023000221,https://www.sec.gov/Archives/edgar/data/1045810/000104581023000221/nvda-20231023.htm
0001045810,NVIDIA CORP,8-K,2023-10-17,nvda-20231017.htm,0001045810-23-000217,000104581023000217,https://www.sec.gov/Archives/edgar/data/1045810/000104581023000217/nvda-20231017.htm
0001045810,NVIDIA CORP,10-Q,2023-08-28,nvda-20230730.htm,0001045810-23-000175,000104581023000175,https://www.sec.gov/Archives/edgar/data/1045810/000104581023000175/nvda-20230730.htm
0001045810,NVIDIA CORP,8-K,2023-08-23,nvda-20230823.htm,0001045810-23-000171,000104581023000171,https://www.sec.gov/Archives/edgar/data/1045810/000104581023000171/nvda-20230823.htm
0001045810,NVIDIA CORP,8-K,2023-07-24,nvda-20230724.htm,0001045810-23-000164,000104581023000164,https://www.sec.gov/Archives/edgar/data/1045810/000104581023000164/nvda-20230724.htm
0001045810,NVIDIA CORP,8-K,2023-06-27,nvda-20230622.htm,0001045810-23-000146,000104581023000146,https://www.sec.gov/Archives/edgar/data/1045810/000104581023000146/nvda-20230622.htm
0001045810,NVIDIA CORP,10-Q,2023-05-26,nvda-20230430.htm,0001045810-23-000093,000104581023000093,https://www.sec.gov/Archives/edgar/data/1045810/000104581023000093/nvda-20230430.htm
0001045810,NVIDIA CORP,8-K,2023-05-24,nvda-20230524.htm,0001045810-23-000087,000104581023000087,https://www.sec.gov/Archives/edgar/data/1045810/000104581023000087/nvda-20230524.htm
0001045810,NVIDIA CORP,DEFA14A,2023-05-08,noticeof2023annualmeeting.htm,0001045810-23-000081,000104581023000081,https://www.sec.gov/Archives/edgar/data/1045810/000104581023000081/noticeof2023annualmeeting.htm
0001045810,NVIDIA CORP,DEF 14A,2023-05-08,nvda-20230508.htm,0001045810-23-000080,000104581023000080,https://www.sec.gov/Archives/edgar/data/1045810/000104581023000080/nvda-20230508.htm
0001045810,NVIDIA CORP,8-K,2023-03-08,nvda-20230302.htm,0001045810-23-000039,000104581023000039,https://www.sec.gov/Archives/edgar/data/1045810/000104581023000039/nvda-20230302.htm
0001045810,NVIDIA CORP,10-K,2023-02-24,nvda-20230129.htm,0001045810-23-000017,000104581023000017,https://www.sec.gov/Archives/edgar/data/1045810/000104581023000017/nvda-20230129.htm
0001045810,NVIDIA CORP,8-K,2023-02-22,nvda-20230222.htm,0001045810-23-000014,000104581023000014,https://www.sec.gov/Archives/edgar/data/1045810/000104581023000014/nvda-20230222.htm
0001045810,NVIDIA CORP,SC 13G/A,2023-02-09,tv01552-nvidiacorp.htm,0001104659-23-016606,000110465923016606,https://www.sec.gov/Archives/edgar/data/1045810/000110465923016606/tv01552-nvidiacorp.htm
0001045810,NVIDIA CORP,10-Q,2022-11-18,nvda-20221030.htm,0001045810-22-000166,000104581022000166,https://www.sec.gov/Archives/edgar/data/1045810/000104581022000166/nvda-20221030.htm
0001045810,NVIDIA CORP,8-K,2022-11-16,nvda-20221116.htm,0001045810-22-000163,000104581022000163,https://www.sec.gov/Archives/edgar/data/1045810/000104581022000163/nvda-20221116.htm
0001045810,NVIDIA CORP,8-K,2022-09-01,nvda-20220831.htm,0001045810-22-000151,000104581022000151,https://www.sec.gov/Archives/edgar/data/1045810/000104581022000151/nvda-20220831.htm
0001045810,NVIDIA CORP,10-Q,2022-08-31,nvda-20220731.htm,0001045810-22-000147,000104581022000147,https://www.sec.gov/Archives/edgar/data/1045810/000104581022000147/nvda-20220731.htm
0001045810,NVIDIA CORP,8-K,2022-08-31,nvda-20220826.htm,0001045810-22-000146,000104581022000146,https://www.sec.gov/Archives/edgar/data/1045810/000104581022000146/nvda-20220826.htm
0001045810,NVIDIA CORP,8-K,2022-08-24,nvda-20220824.htm,0001045810-22-000136,000104581022000136,https://www.sec.gov/Archives/edgar/data/1045810/000104581022000136/nvda-20220824.htm
0001045810,NVIDIA CORP,8-K,2022-08-08,nvda-20220808.htm,0001045810-22-000133,000104581022000133,https://www.sec.gov/Archives/edgar/data/1045810/000104581022000133/nvda-20220808.htm
0001045810,NVIDIA CORP,8-K,2022-06-06,nvda-20220602.htm,0001045810-22-000088,000104581022000088,https://www.sec.gov/Archives/edgar/data/1045810/000104581022000088/nvda-20220602.htm
0001045810,NVIDIA CORP,10-Q,2022-05-27,nvda-20220501.htm,0001045810-22-000079,000104581022000079,https://www.sec.gov/Archives/edgar/data/1045810/000104581022000079/nvda-20220501.htm
0001045810,NVIDIA CORP,8-K,2022-05-25,nvda-20220525.htm,0001045810-22-000073,000104581022000073,https://www.sec.gov/Archives/edgar/data/1045810/000104581022000073/nvda-20220525.htm
0001045810,NVIDIA CORP,DEFA14A,2022-04-20,noticeof2022annualmeeting.htm,0001045810-22-000070,000104581022000070,https://www.sec.gov/Archives/edgar/data/1045810/000104581022000070/noticeof2022annualmeeting.htm
0001045810,NVIDIA CORP,DEF 14A,2022-04-19,noticeof2022annualmeeting.htm,0001045810-22-000068,000104581022000068,https://www.sec.gov/Archives/edgar/data/1045810/000104581022000068/noticeof2022annualmeeting.htm
0001045810,NVIDIA CORP,DEF 14A,2022-04-19,nvda2022definitiveproxysta.htm,0001045810-22-000067,000104581022000067,https://www.sec.gov/Archives/edgar/data/1045810/000104581022000067/nvda2022definitiveproxysta.htm
0001045810,NVIDIA CORP,10-K,2022-03-18,nvda-20220130.htm,0001045810-22-000036,000104581022000036,https://www.sec.gov/Archives/edgar/data/1045810/000104581022000036/nvda-20220130.htm
0001045810,NVIDIA CORP,8-K,2022-03-09,nvda-20220303.htm,0001045810-22-000023,000104581022000023,https://www.sec.gov/Archives/edgar/data/1045810/000104581022000023/nvda-20220303.htm
0001045810,NVIDIA CORP,8-K,2022-02-16,nvda-20220216.htm,0001045810-22-000008,000104581022000008,https://www.sec.gov/Archives/edgar/data/1045810/000104581022000008/nvda-20220216.htm
0001045810,NVIDIA CORP,SC 13G/A,2022-02-10,tv01553-nvidiacorp.htm,0001104659-22-018217,000110465922018217,https://www.sec.gov/Archives/edgar/data/1045810/000110465922018217/tv01553-nvidiacorp.htm
0001045810,NVIDIA CORP,8-K,2022-02-08,nvda-20220208.htm,0001045810-22-000005,000104581022000005,https://www.sec.gov/Archives/edgar/data/1045810/000104581022000005/nvda-20220208.htm
0001045810,NVIDIA CORP,10-Q,2021-11-22,nvda-20211031.htm,0001045810-21-000163,000104581021000163,https://www.sec.gov/Archives/edgar/data/1045810/000104581021000163/nvda-20211031.htm
0001045810,NVIDIA CORP,8-K,2021-11-17,nvda-20211117.htm,0001045810-21-000160,000104581021000160,https://www.sec.gov/Archives/edgar/data/1045810/000104581021000160/nvda-20211117.htm
0001045810,NVIDIA CORP,10-Q,2021-08-20,nvda-20210801.htm,0001045810-21-000131,000104581021000131,https://www.sec.gov/Archives/edgar/data/1045810/000104581021000131/nvda-20210801.htm
0001045810,NVIDIA CORP,8-K,2021-08-18,nvda-20210818.htm,0001045810-21-000128,000104581021000128,https://www.sec.gov/Archives/edgar/data/1045810/000104581021000128/nvda-20210818.htm
0001045810,NVIDIA CORP,8-K,2021-06-28,nvda-20210628.htm,0001045810-21-000117,000104581021000117,https://www.sec.gov/Archives/edgar/data/1045810/000104581021000117/nvda-20210628.htm
0001045810,NVIDIA CORP,8-K,2021-06-16,d80739d8k.htm,0001193125-21-192149,000119312521192149,https://www.sec.gov/Archives/edgar/data/1045810/000119312521192149/d80739d8k.htm
0001045810,NVIDIA CORP,8-K,2021-06-07,nvda-20210603.htm,0001045810-21-000075,000104581021000075,https://www.sec.gov/Archives/edgar/data/1045810/000104581021000075/nvda-20210603.htm
0001045810,NVIDIA CORP,10-Q,2021-05-26,nvda-20210502.htm,0001045810-21-000064,000104581021000064,https://www.sec.gov/Archives/edgar/data/1045810/000104581021000064/nvda-20210502.htm
0001045810,NVIDIA CORP,8-K,2021-05-26,nvda-20210526.htm,0001045810-21-000063,000104581021000063,https://www.sec.gov/Archives/edgar/data/1045810/000104581021000063/nvda-20210526.htm
0001045810,NVIDIA CORP,DEFA14A,2021-05-21,nvda2021defa14aproxysupple.htm,0001045810-21-000058,000104581021000058,https://www.sec.gov/Archives/edgar/data/1045810/000104581021000058/nvda2021defa14aproxysupple.htm
0001045810,NVIDIA CORP,8-K,2021-05-21,nvda-20210521.htm,0001045810-21-000056,000104581021000056,https://www.sec.gov/Archives/edgar/data/1045810/000104581021000056/nvda-20210521.htm
0001045810,NVIDIA CORP,DEFA14A,2021-04-23,noticeof2021annualmeeting.htm,0001045810-21-000053,000104581021000053,https://www.sec.gov/Archives/edgar/data/1045810/000104581021000053/noticeof2021annualmeeting.htm
0001045810,NVIDIA CORP,DEF 14A,2021-04-23,nvda2021definitiveproxysta.htm,0001045810-21-000052,000104581021000052,https://www.sec.gov/Archives/edgar/data/1045810/000104581021000052/nvda2021definitiveproxysta.htm
0001045810,NVIDIA CORP,8-K,2021-04-12,nvda-20210412.htm,0001045810-21-000047,000104581021000047,https://www.sec.gov/Archives/edgar/data/1045810/000104581021000047/nvda-20210412.htm
0001045810,NVIDIA CORP,8-K,2021-03-19,nvda-20210315.htm,0001045810-21-000034,000104581021000034,https://www.sec.gov/Archives/edgar/data/1045810/000104581021000034/nvda-20210315.htm
0001045810,NVIDIA CORP,10-K,2021-02-26,nvda-20210131.htm,0001045810-21-000010,000104581021000010,https://www.sec.gov/Archives/edgar/data/1045810/000104581021000010/nvda-20210131.htm
0001045810,NVIDIA CORP,8-K,2021-02-24,nvda-20210224.htm,0001045810-21-000007,000104581021000007,https://www.sec.gov/Archives/edgar/data/1045810/000104581021000007/nvda-20210224.htm
0001045810,NVIDIA CORP,SC 13G/A,2021-02-10,tv01517-nvidiacorp.htm,0001104659-21-018767,000110465921018767,https://www.sec.gov/Archives/edgar/data/1045810/000110465921018767/tv01517-nvidiacorp.htm
0001045810,NVIDIA CORP,10-Q,2020-11-18,nvda-20201025.htm,0001045810-20-000189,000104581020000189,https://www.sec.gov/Archives/edgar/data/1045810/000104581020000189/nvda-20201025.htm
0001045810,NVIDIA CORP,8-K,2020-11-18,nvda-20201118.htm,0001045810-20-000187,000104581020000187,https://www.sec.gov/Archives/edgar/data/1045810/000104581020000187/nvda-20201118.htm
0001045810,NVIDIA CORP,8-K,2020-11-09,nvda-20201109.htm,0001045810-20-000181,000104581020000181,https://www.sec.gov/Archives/edgar/data/1045810/000104581020000181/nvda-20201109.htm
0001045810,NVIDIA CORP,8-K,2020-09-14,d13958d8k.htm,0001193125-20-244601,000119312520244601,https://www.sec.gov/Archives/edgar/data/1045810/000119312520244601/d13958d8k.htm
0001045810,NVIDIA CORP,10-Q,2020-08-19,nvda-20200726.htm,0001045810-20-000147,000104581020000147,https://www.sec.gov/Archives/edgar/data/1045810/000104581020000147/nvda-20200726.htm
0001045810,NVIDIA CORP,8-K,2020-08-19,nvda-20200819.htm,0001045810-20-000145,000104581020000145,https://www.sec.gov/Archives/edgar/data/1045810/000104581020000145/nvda-20200819.htm
0001045810,NVIDIA CORP,8-K,2020-07-13,nvda-20200713.htm,0001045810-20-000127,000104581020000127,https://www.sec.gov/Archives/edgar/data/1045810/000104581020000127/nvda-20200713.htm
0001045810,NVIDIA CORP,8-K,2020-06-15,a8-k2020annualmeetingr.htm,0001045810-20-000103,000104581020000103,https://www.sec.gov/Archives/edgar/data/1045810/000104581020000103/a8-k2020annualmeetingr.htm
0001045810,NVIDIA CORP,10-Q,2020-05-21,nvda-20200426.htm,0001045810-20-000065,000104581020000065,https://www.sec.gov/Archives/edgar/data/1045810/000104581020000065/nvda-20200426.htm
0001045810,NVIDIA CORP,8-K,2020-05-21,nvda-20200521.htm,0001045810-20-000063,000104581020000063,https://www.sec.gov/Archives/edgar/data/1045810/000104581020000063/nvda-20200521.htm
0001045810,NVIDIA CORP,DEFA14A,2020-04-29,noticeof2020annualmeeting.htm,0001045810-20-000056,000104581020000056,https://www.sec.gov/Archives/edgar/data/1045810/000104581020000056/noticeof2020annualmeeting.htm
0001045810,NVIDIA CORP,DEF 14A,2020-04-29,nvda2020definitiveproxysta.htm,0001045810-20-000055,000104581020000055,https://www.sec.gov/Archives/edgar/data/1045810/000104581020000055/nvda2020definitiveproxysta.htm
0001045810,NVIDIA CORP,8-K,2020-04-27,form8-kmellanoxclosing.htm,0001045810-20-000052,000104581020000052,https://www.sec.gov/Archives/edgar/data/1045810/000104581020000052/form8-kmellanoxclosing.htm
0001045810,NVIDIA CORP,8-K,2020-04-17,mellanoxantitrustappro.htm,0001045810-20-000048,000104581020000048,https://www.sec.gov/Archives/edgar/data/1045810/000104581020000048/mellanoxantitrustappro.htm
0001045810,NVIDIA CORP,8-K,2020-03-31,d904626d8k.htm,0001193125-20-092939,000119312520092939,https://www.sec.gov/Archives/edgar/data/1045810/000119312520092939/d904626d8k.htm
0001045810,NVIDIA CORP,8-K,2020-03-10,form8-kfy2021variablec.htm,0001045810-20-000033,000104581020000033,https://www.sec.gov/Archives/edgar/data/1045810/000104581020000033/form8-kfy2021variablec.htm
0001045810,NVIDIA CORP,10-K,2020-02-20,nvda-2020x10k.htm,0001045810-20-000010,000104581020000010,https://www.sec.gov/Archives/edgar/data/1045810/000104581020000010/nvda-2020x10k.htm
0001045810,NVIDIA CORP,8-K,2020-02-13,form8-kq4fy20.htm,0001045810-20-000007,000104581020000007,https://www.sec.gov/Archives/edgar/data/1045810/000104581020000007/form8-kq4fy20.htm
0001045810,NVIDIA CORP,SC 13G/A,2020-02-12,tv01719-nvidiacorp.htm,0001104659-20-018469,000110465920018469,https://www.sec.gov/Archives/edgar/data/1045810/000110465920018469/tv01719-nvidiacorp.htm
0001652044,Alphabet Inc.,8-K,2026-02-13,d946885d8k.htm,0001193125-26-051423,000119312526051423,https://www.sec.gov/Archives/edgar/data/1652044/000119312526051423/d946885d8k.htm
0001652044,Alphabet Inc.,10-K,2026-02-05,goog-20251231.htm,0001652044-26-000018,000165204426000018,https://www.sec.gov/Archives/edgar/data/1652044/000165204426000018/goog-20251231.htm
0001652044,Alphabet Inc.,8-K,2026-02-04,goog-20260204.htm,0001652044-26-000012,000165204426000012,https://www.sec.gov/Archives/edgar/data/1652044/000165204426000012/goog-20260204.htm
0001652044,Alphabet Inc.,8-K,2025-11-06,d56115d8k.htm,0001193125-25-269979,000119312525269979,https://www.sec.gov/Archives/edgar/data/1652044/000119312525269979/d56115d8k.htm
0001652044,Alphabet Inc.,10-Q,2025-10-30,goog-20250930.htm,0001652044-25-000091,000165204425000091,https://www.sec.gov/Archives/edgar/data/1652044/000165204425000091/goog-20250930.htm
0001652044,Alphabet Inc.,8-K,2025-10-29,goog-20251029.htm,0001652044-25-000087,000165204425000087,https://www.sec.gov/Archives/edgar/data/1652044/000165204425000087/goog-20251029.htm
0001652044,Alphabet Inc.,8-K,2025-09-05,goog-20250905.htm,0001652044-25-000074,000165204425000074,https://www.sec.gov/Archives/edgar/data/1652044/000165204425000074/goog-20250905.htm
0001652044,Alphabet Inc.,8-K,2025-09-03,goog-20250902.htm,0001652044-25-000067,000165204425000067,https://www.sec.gov/Archives/edgar/data/1652044/000165204425000067/goog-20250902.htm
0001652044,Alphabet Inc.,10-Q,2025-07-24,goog-20250630.htm,0001652044-25-000062,000165204425000062,https://www.sec.gov/Archives/edgar/data/1652044/000165204425000062/goog-20250630.htm
0001652044,Alphabet Inc.,8-K,2025-07-23,goog-20250723.htm,0001652044-25-000056,000165204425000056,https://www.sec.gov/Archives/edgar/data/1652044/000165204425000056/goog-20250723.htm
0001652044,Alphabet Inc.,8-K,2025-07-18,d21412d8k.htm,0001193125-25-161225,000119312525161225,https://www.sec.gov/Archives/edgar/data/1652044/000119312525161225/d21412d8k.htm
0001652044,Alphabet Inc.,8-K,2025-06-12,d949049d8k.htm,0001193125-25-139948,000119312525139948,https://www.sec.gov/Archives/edgar/data/1652044/000119312525139948/d949049d8k.htm
0001652044,Alphabet Inc.,8-K,2025-05-06,d859422d8k.htm,0001193125-25-113864,000119312525113864,https://www.sec.gov/Archives/edgar/data/1652044/000119312525113864/d859422d8k.htm
0001652044,Alphabet Inc.,8-K,2025-05-01,d884388d8k.htm,0001193125-25-110020,000119312525110020,https://www.sec.gov/Archives/edgar/data/1652044/000119312525110020/d884388d8k.htm
0001652044,Alphabet Inc.,DEFA14A,2025-04-25,goog012701-defa14a.htm,0001308179-25-000512,000130817925000512,https://www.sec.gov/Archives/edgar/data/1652044/000130817925000512/goog012701-defa14a.htm
0001652044,Alphabet Inc.,DEF 14A,2025-04-25,goog012701-def14a.htm,0001308179-25-000511,000130817925000511,https://www.sec.gov/Archives/edgar/data/1652044/000130817925000511/goog012701-def14a.htm
0001652044,Alphabet Inc.,10-Q,2025-04-25,goog-20250331.htm,0001652044-25-000043,000165204425000043,https://www.sec.gov/Archives/edgar/data/1652044/000165204425000043/goog-20250331.htm
0001652044,Alphabet Inc.,8-K,2025-04-24,goog-20250423.htm,0001652044-25-000040,000165204425000040,https://www.sec.gov/Archives/edgar/data/1652044/000165204425000040/goog-20250423.htm
0001652044,Alphabet Inc.,8-K,2025-04-18,goog-20250417.htm,0001652044-25-000033,000165204425000033,https://www.sec.gov/Archives/edgar/data/1652044/000165204425000033/goog-20250417.htm
0001652044,Alphabet Inc.,8-K,2025-03-18,goog-20250318.htm,0001652044-25-000027,000165204425000027,https://www.sec.gov/Archives/edgar/data/1652044/000165204425000027/goog-20250318.htm
0001652044,Alphabet Inc.,10-K,2025-02-05,goog-20241231.htm,0001652044-25-000014,000165204425000014,https://www.sec.gov/Archives/edgar/data/1652044/000165204425000014/goog-20241231.htm
0001652044,Alphabet Inc.,8-K,2025-02-04,goog-20250204.htm,0001652044-25-000010,000165204425000010,https://www.sec.gov/Archives/edgar/data/1652044/000165204425000010/goog-20250204.htm
0001652044,Alphabet Inc.,10-Q,2024-10-30,goog-20240930.htm,0001652044-24-000118,000165204424000118,https://www.sec.gov/Archives/edgar/data/1652044/000165204424000118/goog-20240930.htm
0001652044,Alphabet Inc.,8-K,2024-10-29,goog-20241029.htm,0001652044-24-000115,000165204424000115,https://www.sec.gov/Archives/edgar/data/1652044/000165204424000115/goog-20241029.htm
0001652044,Alphabet Inc.,8-K,2024-10-17,d627891d8k.htm,0001193125-24-238769,000119312524238769,https://www.sec.gov/Archives/edgar/data/1652044/000119312524238769/d627891d8k.htm
0001652044,Alphabet Inc.,8-K,2024-09-24,goog-20240924.htm,0001652044-24-000097,000165204424000097,https://www.sec.gov/Archives/edgar/data/1652044/000165204424000097/goog-20240924.htm
0001652044,Alphabet Inc.,8-K,2024-08-06,goog-20240805.htm,0001652044-24-000085,000165204424000085,https://www.sec.gov/Archives/edgar/data/1652044/000165204424000085/goog-20240805.htm
0001652044,Alphabet Inc.,10-Q,2024-07-24,goog-20240630.htm,0001652044-24-000079,000165204424000079,https://www.sec.gov/Archives/edgar/data/1652044/000165204424000079/goog-20240630.htm
0001652044,Alphabet Inc.,8-K,2024-07-23,goog-20240723.htm,0001652044-24-000076,000165204424000076,https://www.sec.gov/Archives/edgar/data/1652044/000165204424000076/goog-20240723.htm
0001652044,Alphabet Inc.,8-K,2024-06-26,d809715d8k.htm,0001193125-24-168745,000119312524168745,https://www.sec.gov/Archives/edgar/data/1652044/000119312524168745/d809715d8k.htm
0001652044,Alphabet Inc.,8-K,2024-06-13,d805807d8k.htm,0001193125-24-160721,000119312524160721,https://www.sec.gov/Archives/edgar/data/1652044/000119312524160721/d805807d8k.htm
0001652044,Alphabet Inc.,8-K,2024-06-07,d787017d8k.htm,0001193125-24-157498,000119312524157498,https://www.sec.gov/Archives/edgar/data/1652044/000119312524157498/d787017d8k.htm
0001652044,Alphabet Inc.,8-K,2024-06-05,d837191d8k.htm,0001193125-24-154725,000119312524154725,https://www.sec.gov/Archives/edgar/data/1652044/000119312524154725/d837191d8k.htm
0001652044,Alphabet Inc.,DEFA14A,2024-04-26,lgoog2024_defa14a.htm,0001308179-24-000613,000130817924000613,https://www.sec.gov/Archives/edgar/data/1652044/000130817924000613/lgoog2024_defa14a.htm
0001652044,Alphabet Inc.,DEF 14A,2024-04-26,lgoog2024_def14a.htm,0001308179-24-000612,000130817924000612,https://www.sec.gov/Archives/edgar/data/1652044/000130817924000612/lgoog2024_def14a.htm
0001652044,Alphabet Inc.,10-Q,2024-04-26,goog-20240331.htm,0001652044-24-000053,000165204424000053,https://www.sec.gov/Archives/edgar/data/1652044/000165204424000053/goog-20240331.htm
0001652044,Alphabet Inc.,8-K,2024-04-25,goog-20240425.htm,0001652044-24-000047,000165204424000047,https://www.sec.gov/Archives/edgar/data/1652044/000165204424000047/goog-20240425.htm
0001652044,Alphabet Inc.,SC 13G/A,2024-02-14,d585199dsc13ga.htm,0001193125-24-036532,000119312524036532,https://www.sec.gov/Archives/edgar/data/1652044/000119312524036532/d585199dsc13ga.htm
0001652044,Alphabet Inc.,SC 13G/A,2024-02-13,tv0008-alphabetincclassa.htm,0001104659-24-020000,000110465924020000,https://www.sec.gov/Archives/edgar/data/1652044/000110465924020000/tv0008-alphabetincclassa.htm
0001652044,Alphabet Inc.,SC 13G/A,2024-02-13,tv0009-alphabetincclassc.htm,0001104659-24-020001,000110465924020001,https://www.sec.gov/Archives/edgar/data/1652044/000110465924020001/tv0009-alphabetincclassc.htm
0001652044,Alphabet Inc.,SC 13G/A,2024-02-12,d931712dsc13ga.htm,0001193125-24-032286,000119312524032286,https://www.sec.gov/Archives/edgar/data/1652044/000119312524032286/d931712dsc13ga.htm
0001652044,Alphabet Inc.,8-K,2024-02-08,goog-20240208.htm,0001652044-24-000032,000165204424000032,https://www.sec.gov/Archives/edgar/data/1652044/000165204424000032/goog-20240208.htm
0001652044,Alphabet Inc.,10-K,2024-01-31,goog-20231231.htm,0001652044-24-000022,000165204424000022,https://www.sec.gov/Archives/edgar/data/1652044/000165204424000022/goog-20231231.htm
0001652044,Alphabet Inc.,8-K,2024-01-30,goog-20240130.htm,0001652044-24-000014,000165204424000014,https://www.sec.gov/Archives/edgar/data/1652044/000165204424000014/goog-20240130.htm
0001652044,Alphabet Inc.,10-Q,2023-10-25,goog-20230930.htm,0001652044-23-000094,000165204423000094,https://www.sec.gov/Archives/edgar/data/1652044/000165204423000094/goog-20230930.htm
0001652044,Alphabet Inc.,8-K,2023-10-24,goog-20231018.htm,0001652044-23-000088,000165204423000088,https://www.sec.gov/Archives/edgar/data/1652044/000165204423000088/goog-20231018.htm
0001652044,Alphabet Inc.,10-Q,2023-07-26,goog-20230630.htm,0001652044-23-000070,000165204423000070,https://www.sec.gov/Archives/edgar/data/1652044/000165204423000070/goog-20230630.htm
0001652044,Alphabet Inc.,8-K,2023-07-25,goog-20230720.htm,0001652044-23-000067,000165204423000067,https://www.sec.gov/Archives/edgar/data/1652044/000165204423000067/goog-20230720.htm
0001652044,Alphabet Inc.,8-K,2023-06-08,d442583d8k.htm,0001193125-23-163590,000119312523163590,https://www.sec.gov/Archives/edgar/data/1652044/000119312523163590/d442583d8k.htm
0001652044,Alphabet Inc.,10-Q,2023-04-26,goog-20230331.htm,0001652044-23-000045,000165204423000045,https://www.sec.gov/Archives/edgar/data/1652044/000165204423000045/goog-20230331.htm
0001652044,Alphabet Inc.,8-K,2023-04-25,goog-20230425.htm,0001652044-23-000041,000165204423000041,https://www.sec.gov/Archives/edgar/data/1652044/000165204423000041/goog-20230425.htm
0001652044,Alphabet Inc.,DEFA14A,2023-04-21,lgoog2023_defa14a.htm,0001308179-23-000739,000130817923000739,https://www.sec.gov/Archives/edgar/data/1652044/000130817923000739/lgoog2023_defa14a.htm
0001652044,Alphabet Inc.,DEFA14A,2023-04-21,lgoog2023_defa14a.htm,0001308179-23-000737,000130817923000737,https://www.sec.gov/Archives/edgar/data/1652044/000130817923000737/lgoog2023_defa14a.htm
0001652044,Alphabet Inc.,DEF 14A,2023-04-21,lgoog2023_def14a.htm,0001308179-23-000736,000130817923000736,https://www.sec.gov/Archives/edgar/data/1652044/000130817923000736/lgoog2023_def14a.htm
0001652044,Alphabet Inc.,8-K,2023-04-21,d490635d8k.htm,0001193125-23-110657,000119312523110657,https://www.sec.gov/Archives/edgar/data/1652044/000119312523110657/d490635d8k.htm
0001652044,Alphabet Inc.,8-K,2023-04-20,goog-20230420.htm,0001652044-23-000034,000165204423000034,https://www.sec.gov/Archives/edgar/data/1652044/000165204423000034/goog-20230420.htm
0001652044,Alphabet Inc.,SC 13G/A,2023-02-14,d436076dsc13ga.htm,0001193125-23-039299,000119312523039299,https://www.sec.gov/Archives/edgar/data/1652044/000119312523039299/d436076dsc13ga.htm
0001652044,Alphabet Inc.,SC 13G/A,2023-02-14,a2023schedule13g-lawrencep.htm,0001652044-23-000027,000165204423000027,https://www.sec.gov/Archives/edgar/data/1652044/000165204423000027/a2023schedule13g-lawrencep.htm
0001652044,Alphabet Inc.,SC 13G/A,2023-02-13,a2023schedule13g-sergeybri.htm,0001652044-23-000023,000165204423000023,https://www.sec.gov/Archives/edgar/data/1652044/000165204423000023/a2023schedule13g-sergeybri.htm
0001652044,Alphabet Inc.,SC 13G/A,2023-02-09,tv0010-alphabetincclassc.htm,0001104659-23-015048,000110465923015048,https://www.sec.gov/Archives/edgar/data/1652044/000110465923015048/tv0010-alphabetincclassc.htm
0001652044,Alphabet Inc.,SC 13G/A,2023-02-09,tv0009-alphabetincclassa.htm,0001104659-23-015047,000110465923015047,https://www.sec.gov/Archives/edgar/data/1652044/000110465923015047/tv0009-alphabetincclassa.htm
0001652044,Alphabet Inc.,10-K,2023-02-03,goog-20221231.htm,0001652044-23-000016,000165204423000016,https://www.sec.gov/Archives/edgar/data/1652044/000165204423000016/goog-20221231.htm
0001652044,Alphabet Inc.,8-K,2023-02-02,goog-20230202.htm,0001652044-23-000013,000165204423000013,https://www.sec.gov/Archives/edgar/data/1652044/000165204423000013/goog-20230202.htm
0001652044,Alphabet Inc.,8-K,2023-01-25,goog-20230124.htm,0001652044-23-000005,000165204423000005,https://www.sec.gov/Archives/edgar/data/1652044/000165204423000005/goog-20230124.htm
0001652044,Alphabet Inc.,8-K,2023-01-20,d454494d8k.htm,0001193125-23-011424,000119312523011424,https://www.sec.gov/Archives/edgar/data/1652044/000119312523011424/d454494d8k.htm
0001652044,Alphabet Inc.,8-K,2022-12-21,d441338d8k.htm,0001193125-22-310153,000119312522310153,https://www.sec.gov/Archives/edgar/data/1652044/000119312522310153/d441338d8k.htm
0001652044,Alphabet Inc.,10-Q,2022-10-26,goog-20220930.htm,0001652044-22-000090,000165204422000090,https://www.sec.gov/Archives/edgar/data/1652044/000165204422000090/goog-20220930.htm
0001652044,Alphabet Inc.,8-K,2022-10-25,goog-20221025.htm,0001652044-22-000085,000165204422000085,https://www.sec.gov/Archives/edgar/data/1652044/000165204422000085/goog-20221025.htm
